{
  "production": true,
  "application": {
    "baseUrl":"http://localhost:4200",
    "name": "iotms",
    "logoUrl": ""
  },
  "oAuthConfig": {
    "issuer": "https://localhost:44334/",
    "redirectUri": "http://localhost:4200",
    "clientId": "iotms_App",
    "responseType": "code",
    "scope": "offline_access openid profile email phone iotms"
  },
  "apis": {
    "default": {
      "url": "https://localhost:44354",
      "rootNamespace": "iotms"
    },
    "AbpAccountPublic": {
      "url": "https://localhost:44334",
      "rootNamespace": "AbpAccountPublic"
    }
  }
}